{
"text_format": "WHITE",
"identifier": "talents",
"school_type": "TALENTS",
"icon": "mmorpg:textures/gui/skill_tree/schools/arcane.png",
"order":0,

"perks": "E,E,E,E,E,E,E,E,E,E,E,E,E,E,E,E,E,E,E,E,E,E,E,E,E,E,E,E,E,E,E,E,E,E,E,E,E,E,E,E,E,E,E,E,E,E,E,E,E,E,E,E,E,E,E,E,E,E,E,E,E,E,E,E,E,E,E,E,E,E,E,E,E,E,E,E,E,E,E,E,E,E,E,E,E,E,E,E,E,E,E,E,E,E,E,E,E,E,E
E,,,,,,,,,,,,,,,,,,,,,,,,,,,,,,,,,,,,,,,,,,,,,,,,,,,,,,,,,,,,,,,,,,,,,,,,,,,,,,,,,,,,,,,,,,,,,,,,,,E
E,,,,,,,,,,,,,,,,,,,,,,,,,,,,,,,,,,,,,,,,,,,,,,,,,,,,,,,,,,,,,,,,,,,,,,,,,,,,,,,,,,,,,,,,,,,,,,,,,,E
E,,,,,,,,,,,,,,,,,,,,,,,,,,,,,,,,,,,,,,,,,,,,O,spell_water_damage,O,,,,,,O,faster_cast_rate,O,,,,,,,,,,,,,,,,,,,,,,,,,,,,,,,,,,,,,,,,,,,,E
E,,,,,,,,,,,,,,,,,,,,,,,,,,,,,,,,,,,,,,,,,,,big_spell_water_damage,,,,spell_water_damage,O,blizzard,O,faster_cast_rate,,,,big_faster_cast_rate,,,,,,,,,,,,,,,,,,,,,,,,,,,,,,,,,,,,,,,,,,,E
E,,,,,,,,,,,,,,,,,,,,,,,,,,,,,,,,,,,,,,,,,,,,O,water_penetration,O,,,O,,,O,cdr,O,,,,,,,,,,,,,,,,,,,,,,,,,,,,,,,,,,,,,,,,,,,,E
E,,,,,,,,,,,,,,,,,,,,,,,,,,,,,,,,,,,,,,,,,,,,,,,,,O,,,,,,,,,,,,,,,,,,,,,,,,,,,,,,,,,,,,,,,,,,,,,,,,,E
E,,,,,,,,,,,,,,,,,,,,,,,,,,,,,,,,,,,,,,,,,wand_damage,O,wand_damage,,,,,,O,,,,,,water_penetration,O,water_penetration,,,,,,,,,,,,,,,,,,,,,,,,,,,,,,,,,,,,,,,,,E
E,,,,,,,,,,,,,,,,,,,,,,,,,,,,,,,,,,big_mana,O,mana_regen,,,,O,,,,O,,,,,O,,,,,O,,,,O,,,,increase_healing,O,big_increase_healing,,,,,,,,,,,,,,,,,,,,,,,,,,,,,,,,,,E
E,,,,,,,,,,,,,,,,,,,,,,,,,,,,,,,,,,O,,,O,,,big_wand_damage,,,,wand_damage,O,,,,O,,,,O,water_resist,,,,big_water_penetration,,,O,,,O,,,,,,,,,,,,,,,,,,,,,,,,,,,,,,,,,,E
E,,,,,,,,,,,,,,,,,,,,,arcane_devotion,,,,,,,,,,,,,mana,,,mana_regen,,,O,,,,O,,O,,,O,,,O,,O,,,,O,,,increase_healing,,,heal_to_dmg,,,,,,,,,,,,,ghost_reaver,,,,,,,,,,,,,,,,,,,,,E
E,,,,,,,,,,,,,,,,,,,,,,O,,,,,,,,,,,,O,,,O,,,,elemental_wand_damage,O,elemental_wand_damage,,,O,,,big_int,,,O,,,water_weapon_damage,O,water_weapon_damage,,,,O,,,O,,,,,,wizardry,,,,,,O,,,,,,,,,,,,,,,,,,,,,,E
E,,,,,,,,,,,,,,,,,,,,,,,O,,,,,,health_mana,,health_magic_shield,,,,mana,O,mana,,,,,,,,O,int,O,O,,O,O,int,O,,,,,,,,increase_healing,O,heal_to_dmg,,,,,,,O,,,,,O,,,,,,,,,,,,,,,,,,,,,,,E
E,,,,,,,,,,,,,,,,,,,,,,,,O,,,,,O,,O,,,,,,O,,O,int,O,O,int,O,,,,,,,,O,,O,int,O,O,int,O,,O,,,,,,,O,cdr,,,,,O,,,,,,,,,,,,,,,,,,,,,,,,E
E,,,,,,,,,,,,,,,,,,,,,,,,,O,,,,,health,,,,,,O,int,O,,,,,O,,,,,O,big_health_mana,O,,O,,,O,,,,,O,int,O,,,,,cdr,,,,,,O,,,,,,,,,,,,,,,,,,,,,,,,,E
E,,,,,,,,,,,,,,,,,,O,mana_regen,O,,,,,,O,,,,,O,,O,int,O,,,,,,,water_penetration,,,,,mana,,,,health,,,,,O,,,,,O,,O,int,,,O,,,,,O,,,,critical_damage,O,big_crit_dmg,,,,,,magic_shield_regen,O,,,,,,,,,,,,,E
E,,,,,,,,,,,,,,,,,mana_regen,,,,big_mana_regen,,,,,,O,,O,O,spell_damage,O,,,,,,,O,big_spell_water_damage,O,,O,faster_cast_rate,,,O,,,,O,,,,O,mana,O,,,,,,,,O,O,faster_cast_rate,O,,,O,,,,,O,,,,,,,O,,,big_magic_shield_dodge,,,,,,,,,,,,E
E,,,,,,,,,,big_faster_cast_rate,,,,,,,O,,,,O,,,,,O,big_str_gated,O,,,O,,,water_weapon_damage,,,,big_chance_of_chill,,O,,,,O,,,mana,,,,health,,,frostball_chill,,,,spell_water_damage,,mana,,,mana_regen,,,,O,,O,O,big_dex_gated,O,,,,critical_damage,,,,,,magic_shield,,,,,O,,,,,,,,,,,E
E,,,,,,,,,,,O,,O,,,,mana,,,,big_mana,,,,O,,,,,,O,,O,,O,,O,,,spell_water_damage,,,,faster_cast_rate,,,,O,,O,,,,O,,,,O,,,O,,O,,,,O,,,,,,O,,O,,,,,,O,,,,,,dodge,,,,,,,,,,,E
E,,,,,,,,,,,,spell_fire_damage,,cdr,,,,O,fire_bombs,,,,O,fire_penetration,,,,,,,,critical_hit,,,,big_water_weapon_damage,,,,,O,,O,,,,,,health_mana,,,,,water_weapon_damage,,,,fast_frostball,,,,whirlpool,,,,cdr,,,,big_health_mana,,,,faster_cast_rate,,,,,,,O,,,,,O,,,,,,,,,,,,E
E,,,,,,,,,O,,,O,,O,,,,,O,,O,int,,,O,,,,,,,,O,,,,O,,,,,spell_water_damage,,,,,,O,,,,,,,O,mana,O,,,,O,,O,,O,,,,O,,,,O,,O,int,O,,,,,magic_shield,,,dodge,,,,,,,,,,,,,E
E,,,,,,,,big_fire_weapon_damage,,fire_weapon_damage,O,spell_fire_damage,,big_spell_fire_damage,,,,,,int,,,,,,spell_fire_damage,,,,burning_currents,,,,critical_hit,,,,water_weapon_damage,,,,O,,,,,,O,,,,,,,,O,,,,mana_regen,,,,cdr,,,,mana,,,,spell_thunder_damage,,,,,,int,O,,O,,O,O,,,,,,,,,,,,,,E
E,,,,,,,,,,,,O,,,,,,int,O,,,fire_weapon_damage,O,all_fire_damage,O,,O,,,,O,,O,,O,,O,,,,O,int,O,O,int,O,O,int,O,int,O,O,int,O,O,int,O,,,,,,O,,,,O,,,,O,,,,spell_damage,O,,O,,int,,,,,,,,,,,,,,,,,,E
E,,,,,,,,,,,,volcano,,,,,O,,,,,O,,O,,,,spell_fire_damage,,,,tidal_wave,,,,critical_hit,,,,O,,,,,O,,,,,,,,O,,,,,O,,,,cdr,,,,health_mana,,,,spell_thunder_damage,,,,,O,,O,spell_damage,,,O,,,,,,,,,,,,,,,,,E
E,,,,,,,,,,,,,O,,,,int,,,,,big_all_fire_damage,O,spell_fire_damage,,,,,O,,,,O,,,,O,,O,,,,,O,,,,,,,,,,O,,,,,O,,O,,,,O,,O,,O,,,,,,O,,,,,,int,,,,,faster_cast_rate,O,faster_cast_rate,O,critical_damage,,,,,,,,E
E,,,,,,,,,,,,,,O,,O,,,,,,,,,,big_cdr,,,,spell_damage,,,,crashing_rocks,,,,spell_damage,,,,health_mana,O,water_resist,O,chance_of_chill,O,big_chance_of_chill,,big_health,O,heart_of_chill,O,magic_shield_regen,O,heart_of_magic,,,,magic_shield,,,,health,,,,spell_thunder_damage,,,,critical_damage,O,O,big_spell_damage_crit_hit,O,O,big_crit_hit_gated,,,,O,,,O,,,,,O,,,,,,,,E
E,,,,,,,,,,,,,,,O,strint,O,health,,,,,chance_of_burn,O,,,O,,O,,O,,,,,,O,,O,,,,,O,,O,,,,,,O,,O,,,,,O,,O,,,,,,O,,,,,O,,,O,,,,,,,intdex,O,O,thunder_storm,,,,,thunder_penetration,O,big_thunder_penetration,,,,,,E
E,,,,,,,,O,spell_fire_damage,O,mod_magma_flower_burn,,,,,O,,,O,,,O,,,chance_of_burn,,,cdr,,,,int,,,,big_str_gated,,,,O,,,,spell_water_damage,O,water_weapon_damage,,,,,,magic_shield_regen,O,heart_of_ice,,,,O,,,,big_dex_gated,,,,int,,,,,,O,,,O,,,,,,,O,,,O,,,,,O,,,,,,,,E
E,,,,,,,big_cdr,,,,,O,,,str,,,,health,,,big_chance_of_burn,,,O,,,,,,,,O,,O,,O,cdr_notable,,,O,,O,,,,,,ice_flower_restore,,,,,,O,,O,,,faster_cast_rate_notable,O,,O,,O,,,,,,,critical_hit,,,big_spell_damage_gated,,,,,,,,dex,,,cdr,O,cdr,O,critical_hit,,,,,,,,E
E,,,,,,,O,,,,O,magma_flower,O,,O,,big_health,O,,,,,,,fireball,O,,O,int,O,O,,,spell_damage,,,,,,,,mana_regen,,,,,,,O,,,,,,,mana,,,,,,,,magic_shield,,,O,O,int,O,,O,,,,,,,big_faster_cast_rate,O,dodge,O,,O,,,,,,,,,,,,,,E
E,,,,,,,,increase_healing,O,mod_magma_flower_heal,,,,str,,,,,,,,,,,,,int,,O,,,int,O,,O,O,O,,,,,,O,,,,critical_hit,O,flower_of_ice,O,faster_cast_rate,,,,O,,,,,,,O,O,,O,int,,,,,int,,,,,,cdr,,,,O,,,dex,,,,,,,,,,,,,,E
E,,,,,,,,,,,,,O,,,,,,,,big_elemental_resist,,,,,O,,,increase_healing,,,,,,,,,int,O,O,,,,O,O,,O,,O,,O,,O,O,,,,O,O,int,O,,,,,O,,,,,,O,,,,O,,O,,,big_attack_speed,,,,O,,,,,,,,,,,,,E
E,,,,,,,increase_healing,O,increase_healing,,,,str,O,throw_flames,O,mod_throw_flames_lifesteal,,,O,,,,,O,,,,O,,,magic_shield,O,magic_shield,O,magic_shield,O,,,,O,,,,,spell_damage,,,ice_flower_dmg,,,magic_shield,,,,,O,,,O,,,,,,spell_thunder_damage,O,thunder_spear,,,,,O,,thunder_dash,,,,cdr,,,,,,dex,,,thunder_weapon_damage,O,thunder_weapon_damage,O,big_thunder_weapon_damage,,,,,,E
E,,,,,,O,,,,O,,,O,,O,,O,,elemental_resist,,,,fire_resist,O,str,,,O,big_cdr,,,O,,O,,O,,,,,,faster_cast_rate,,,,,O,,,,O,,,,,magic_shield,,,,,spell_damage,O,,,,,,O,,,,,dex,O,,O,,O,,,,,,,O,,O,,,,,,,,,,,E
E,,,,,,big_increase_healing_heal_to_dmg,,,,,increase_healing,O,str,,mod_throw_flames_burn,O,spell_fire_damage,,,O,,O,,,O,,heal_to_dmg,,,O,,health,O,very_big_health_magic_shield,,magic_shield,,big_increase_healing,O,big_spell_damage,O,,O,,,,,spell_damage,,magic_shield,,,,,O,,O,,,O,,,big_thunder_physical_weapon_damage,,,,,spell_thunder_damage,O,thunder_penetration,,,O,,,,faster_cast_rate,,,,big_magic_shield_dodge,O,magic_shield_dodge,O,dex,O,thunder_penetration,O,big_chance_of_static,,,,,,,,,E
E,,,,,,O,,,,O,,,O,,,,,,,,fire_resist,,,,O,,,O,,blazing_inferno,,O,,,,O,,,,,,,,faster_cast_rate,,,,O,,O,,,,critical_hit,,,,big_crit_hit,,big_spell_damage,,,O,,,,,,,O,,,O,,,,,,,,,,O,,O,,O,,,,,,,,,,,E
E,,,,,,,heal_to_dmg,O,heal_to_dmg,,,,str,,big_health,O,health_magic_shield,O,big_magic_shield,,,,,,str,O,O,str,,,,health,O,health,O,health,,,,big_fire_weapon_damage,O,big_chance_of_burn,,,O,,,,frostball,,,,O,,,,,O,,,O,O,thunder_physical_weapon_damage,,,,,,,dex,O,O,dex,O,chance_of_static,O,thunder_penetration,O,thunder_focus,,magic_shield_dodge,O,magic_shield_dodge,,dex,,,thunder_penetration,O,thunder_penetration,O,big_thunder_penetration,,,,,,E
E,,,,,,,,,,,,,O,,,,O,,,,,,,,,,,,O,,,,,O,,,,,,O,,,,,purifying_fires,,,,O,,,,lightning_totem,,,,,O,,,,,,O,,,,,O,,,,,,,,O,,,,O,,,,O,,,,,,,,,,,,,E
E,,,,,,,,,,,,,fire_resist,O,O,O,elemental_resist,O,O,O,elemental_resist,O,O,O,elemental_resist,O,O,O,armor,O,O,O,O,str,O,O,O,O,O,health,O,O,armor,O,,O,,,start_int,,,O,,O,critical_hit,O,O,dodge,O,O,O,O,O,dex,O,O,O,O,dodge,O,O,O,thunder_resist,O,O,O,thunder_resist,O,O,O,thunder_resist,O,O,O,dodge,,,O,O,O,O,O,O,O,acrobatics,,,E
E,,,,,,,,,,,,,O,,,,O,,,,,,,,,,,,O,,,,,O,,,,,,,,,,,,,start_strint,,,,start_intdex,,,,,,,,,,,,,,,,,,O,,,,,,,,,,,,,,,,O,,O,,,,,,,,,,,E
E,,,zealots_oath,O,O,O,O,O,O,O,O,O,big_int_gated,,big_health,O,health_armor,O,big_armor,,big_armor_penetration,O,armor_penetration,O,armor_penetration,,elemental_resist_notable,O,big_int_gated,,,health,O,mana,O,mana,,physical_weapon_damage,O,cleave,O,physical_weapon_damage,,,,,,,[CENTER],,,,,,,,,critical_hit,O,critical_hit,O,critical_damage,O,critical_damage,,,critical_hit_notable,O,big_int_gated,,big_health,O,dodge,,mod_imbue_phys,O,imbue,O,elemental_resist,O,mod_imbue_ele,,,,big_int_gated,O,,,,,,,,,,,,E
E,,,,,,,,,,,,,O,,,,,,,,,,,,O,,,,O,,,,,,,,,,,O,,,,,,,start_str,,,,start_dex,,,,,,,O,,,,,,O,,,,,O,,,,O,,,,O,,,,,,,,O,,,,,health,,,,,,,,E
E,,,,,,,big_sword_damage,O,sword_damage,O,attack_speed,O,cdr,O,O,O,health,O,O,O,health,O,O,O,physical_weapon_damage,O,O,O,cdr,O,O,O,O,str,O,O,O,O,O,physical_weapon_damage,O,O,physical_weapon_damage,O,,O,,,start_strdex,,,O,,O,physical_weapon_damage,O,O,bow_damage,O,O,O,O,O,big_bow_damage,O,O,O,O,critical_hit,O,O,O,critical_damage,O,O,O,critical_damage,O,O,O,critical_damage,O,O,O,critical_damage,O,,,O,,O,,,,,,,E
E,,,,,,,,,,,O,,O,,,,,,,,O,,,,,,,,O,,,,,,,,,,,O,,,,,heavy_strike,,,,O,,,,arrow_barrage,,,,,O,,,,,,O,,,,,O,,,,,,,,,,,,,,O,,O,,O,health,,,,big_health,,,,,,E
E,,,,,,,,big_axe_damage,O,axe_damage,,,str,,,,,,,,O,,,,str,O,O,str,,,,,,big_sword_damage,O,sword_damage,O,sword_damage,,O,,,,,O,,,,poison_ball,,,,O,,,,,O,,,,,,physical_weapon_damage,,,,,,dex,O,O,dex,O,thunder_weapon_damage,O,thunder_weapon_damage,,,bow_damage,O,bow_damage,,,dex,,,,O,,O,,,,,,,E
E,,,,,,,,,,,,,O,,O,O,health,,,,health,,,,O,,,,,,,,,O,,,,,O,big_health,,,,health,,,,O,,O,,,,health,,,,critical_hit,O,big_crit_hit,,,,O,,,,,,O,,,O,,O,,,,O,,,,O,,O,,,,,health,,,,,,,,E
E,,,,,,,,,,,,,str,O,,,O,,big_health,,O,,,,O,,,O,elemental_resist,O,,O,O,physical_weapon_damage,,,,axe_damage,,,O,,O,,,,,armor_dodge,,armor_penetration,,,,,O,,O,,,,,O,big_health_dodge,,,big_dodge,O,,O,,,,O,,thunder_weapon_damage,,,,big_bow_damage,,,,physical_weapon_damage,,dex,,,,,,,,,,,,,E
E,,,,,,,big_water_penetration,O,,,,,O,,,,health,,O,,health,,,,str,O,elemental_resist,,,,big_armor,,,O,,axe_damage,O,,,,,health,,,,,O,,,,O,,,,,dodge,,,,,health_dodge,,,,,,,multi_shot,,,,,dex,,,,,,,O,big_physical_weapon_damage,O,,,O,,,O,attack_speed,O,,,,,,,,E
E,,,,,,,,,big_chance_of_chill,,,,str,,,,,O,health,O,,,,,O,,,O,elemental_resist,O,,,,big_axe_damage,O,,,,,,O,,,,,armor_dodge,,,,,,armor_penetration,,,,,O,,,O,,,,,,,O,,O,big_health,,,O,,,,,,,,,,,,dex,O,attack_speed,,,,big_attack_speed,,,,,,,E
E,,,,,,,,,,O,,,O,,O,bravery,,,,,,,big_chance_of_burn,,,O,,,,,,,,,,,O,str,O,O,,,,O,O,,O,,,,O,,O,O,,,,O,O,big_dodge,O,,,,,,O,,,,,O,,,critical_damage,O,critical_damage,O,,,,,,,O,,,,,,,,,,,,,E
E,,,,big_fire_penetration,O,big_chance_of_burn,,,,O,,,,str,,,,,,big_chance_of_chill,O,,,O,,,str,,,,,str,O,,O,O,,O,,,,,O,,,,health_regen,O,nature_penetration,O,attack_speed,,,,O,,,,,,,O,O,,O,dex,,,,,dex,,,O,,,,,critical_damage,,,,,dex,,,,,,,,,,,,,,E
E,,,,,,,O,,,water_focus_gate,,,,O,,,,,,,,attack_speed,O,attack_speed,O,O,,O,str,O,O,,,attack_speed,,,,ground_slam,,,,str,,,,O,,,O,,,O,,,,dex,,,,,,,,health,,,O,O,dex,O,,O,critical_damage,,,O,big_crit_hit,O,,,,,,O,,,,,,,,,,,,,,E
E,,,,,,,,fire_focus_gate,,O,,,,,str,,,flicker_strike,,,,O,,O,,,,,O,,,,O,,O,,,,,,O,,O,,health_regen,,,,nature_penetration,,,,attack_speed,,O,,O,,,,,,O,,O,,,,O,,,,,,critical_hit,,,,,,critical_hit,O,dex,,,,,,,,,,,,,,,E
E,,,,,big_armor_penetration,,,,O,str,,,,,O,,O,,O,,,big_chance_of_static,,big_chance_of_poison,,,health_armor,O,health_armor,,,str,,,,big_dex_gated,,,,O,,,O,,O,,chance_of_poison,,O,,chance_of_poison,,O,,O,,,O,,,,big_str_gated,,,,dodge,,,,nature_weapon_damage,O,nature_weapon_damage,,,,O,critical_hit,O,critical_hit,O,,,O,,,,,,bow_damage,O,bow_damage,O,bow_damage,,,,,E
E,,,,,,O,,,,O,,,,,,big_str,,,,mana,,,,,,,O,,,,O,,,,O,,O,,O,,,O,nature_balm,O,big_health_regen,,,O,big_nature_penetration,O,,,big_attack_speed,O,poisoned_weapons,O,,,O,,O,,O,,,,O,,,O,,,,,,,,,,,,big_dex,,,,,,,O,,,,,O,,,,E
E,,,,,,physical_weapon_damage,O,physical_damage_gate,O,big_str,O,O,O,O,O,,O,,,O,,,,,,,big_health_armor,,,armor,,,,attack_speed_notable,,,,armor,,,cdr,,O,,,O,,,O,,,O,,,O,,big_chance_of_poison,,,dodge,,,,armor_penetration_notable,,,,dodge,,,nature_weapon_damage,,,dodge,O,big_health_dodge,,,,,O,,O,O,O,O,O,O,arrow_storm,,,,,big_armor_penetration,,,,E
E,,,,,,O,,,,O,,,,,,,str,,cdr,,,big_attack_speed,O,attack_speed,,,,,O,,,,,,,,O,,O,,,,cdr,,,,health_regen,O,big_nature_resist,O,attack_speed,,,,big_chance_of_poison,,,,O,,O,,,,,,O,,O,,,,,O,,O,,,,,dex,,,,,,,,O,,,,,O,,,,E
E,,,,,big_attack_speed,,,,O,str,,,,,,,O,,,,,O,,O,,,,health,,,,,,,,nature_resist,,,,O,,,,,,,,,O,,,,,,,,,O,,,,attack_speed,,,,recoil_shot,,,,dodge,,,,health_dodge,O,health,,,,,O,,big_physical_weapon_damage,O,,,,,dodge,O,dodge,O,dodge,,,,,E
E,,,,,,,,nature_focus_gate,,O,,,,,,,,str,O,,O,attack_speed,O,attack_speed,O,,O,,O,,,,,,O,,,,,,O,str,O,O,str,O,O,str,,dex,O,O,dex,O,O,dex,O,,,,,,O,,,,O,,,,O,,O,,,,,,O,dex,,,,,physical_weapon_damage,,,,,,,,,,,,,E
E,,,,,,,O,,,thunder_focus_gate,,,,,,,O,,,str,,,,,,armor,,,,elemental_resist,,,,nature_resist,,,,,,,,O,,,O,,,,O,,,,O,,,O,,,,,,,,spell_nature_damage,,,,cdr,,,,dodge,,,,,O,dex,,,O,O,,O,,,,,,,,,,,,,,E
E,,,,big_nature_penetration,O,big_chance_of_poison,,,,O,,critical_hit,,,,critical_damage,,,,,O,str,O,,O,,,,O,,,,O,,O,,O,cdr,O,cdr,,,health,,big_armor_penetration,,,O,armor_dodge,O,,,big_attack_speed,,health,,,mod_poison_bush,O,big_spell_nature_damage,O,,O,,O,,,,O,,,,O,,O,dex,,,,,,,bow_damage,,,,big_armor_penetration,,,,,,,,,,,E
E,,,,,,,,,,O,,,O,,O,,,,,,,O,,attack_speed,,,,big_elemental_resist,,,,nature_resist,,,,thorn_armor,,,,O,,,O,,,,armor_dodge,,,,armor_dodge,,,,O,,,O,,,,thorn_bush,,,,spell_nature_damage,,,,big_cdr,,,,health,,O,,,,,,O,,O,O,,O,,,,,,,,,,,E
E,,,,,,,,,big_chance_of_static,,,,,critical_damage,,,,,,health,O,health_armor,,,O,,,,,,O,,,,,O,,big_health_armor,O,health,,,big_health_armor,,,,O,,big_health,,O,,,,big_health_dodge,,,spell_nature_damage,O,big_spell_nature_damage,,O,,,,,O,,,,,,O,,,cdr,O,,,,O,,,,,armor_penetration,,,,,,,,,,,,E
E,,,,,,,big_thunder_penetration,O,,,,,O,,O,,,,,O,,O,,,,O,big_dex_gated,O,,,O,,,,,big_armor,,,,O,,,O,,,,armor_dodge,,O,,armor_dodge,,,,O,,,O,,,,nature_penetration,,,,,O,,,O,big_str_gated,O,,,,,,trickery,,,elemental_bow_damage,O,O,big_elemental_bow_damage,,,,,,,,,,,,,,E
E,,,,,,,,,,,,big_crit_hit,,,,critical_hit,,,,big_health_armor,O,armor,,,,,O,,O,O,nature_penetration,O,,,,,O,big_armor,O,big_armor,,,armor,O,,,,O,big_armor_dodge,O,,,,O,dodge,,,nature_penetration,O,mod_slow_bush,O,,,,,O,spell_nature_damage,O,O,,O,,,,,,,,,,,,,,,,,,,,,,,,,,,E
E,,,,,,,,,,,,,,,,,,,,,,,,,,O,,,,,,,O,str,O,,,,,,,,O,,health_armor,O,,,,,,O,health_dodge,,O,,,,,,,,O,dex,O,,,,,,,O,,,,,,,,,,,,,,,,,,,,,,,,,,E
E,,,,,,,,,,,,,,,,,,,,,,,,,O,,,,,,,,,O,,O,str,O,,,,,O,,,,health_armor,O,big_armor_dodge,O,health_dodge,,,,O,,,,,O,dex,O,,O,,,,,,,,,O,,,,,,,,,,,,,,,,,,,,,,,,,E
E,,,,,,,,,,,,,,,,,,,,,,,,O,,,,,,,,nature_resist,O,nature_resist,,,,,O,str,O,O,str,O,,,,,,,,,,O,dex,O,O,dex,O,,,,,attack_speed,O,attack_speed,,,,,,,,O,,,,,,,,,,,,,,,,,,,,,,,,E
E,,,,,,,,,,,,,,,,,,,,,,,O,,,,,,,,O,,,,O,,,,,O,,,,,O,str,O,O,,O,O,dex,O,,,,,O,,,,,O,,,,O,,,,,,,,O,,,,,,,,,,,,,,,,,,,,,,,E
E,,,,,,,,,,,,,,,,,,,,,,O,,,,,,,,,nature_resist,,,,heal_effect_on_self,,,,O,critical_hit,O,,,,,,,,strdex,,,,,,,,O,cdr,O,,,,armor_penetration,,,,attack_speed,,,,,,,,,O,,,,,,,,,,,,,,,,,,,,,,E
E,,,,,,,,,,,,,,,,,,,,,vaal_pact,,,,,,,,,,,O,,O,,,,critical_hit,,,,critical_damage,,,,,,,O,,,,,,,faster_cast_rate,,,,cdr,,,,O,,O,,,,,,,,,,,iron_reflexes,,,,,,,,,,,,,,,,,,,,,E
E,,,,,,,,,,,,,,,,,,,,,,,,,,,,,,,,,heal_effect_on_self,,,,,O,,,,O,,,,,,O,big_armor_dodge,O,,,,,,O,,,,O,,,,,armor_penetration,,,,,,,,,,,,,,,,,,,,,,,,,,,,,,,,,E
E,,,,,,,,,,,,,,,,,,,,,,,,,,,,,,,,,,,,,,critical_hit,,,,critical_damage,,,spell_damage,O,gorgons_gaze_gate,,,,holy_flower_gate,O,increase_healing,,,faster_cast_rate,,,,cdr,,,,,,,,,,,,,,,,,,,,,,,,,,,,,,,,,,,,,,E
E,,,,,,,,,,,,,,,,,,,,,,,,,,,,,,,,,,,,,,,O,big_crit_dmg,O,,,O,,,O,,,,O,,,O,,,O,big_cdr,O,,,,,,,,,,,,,,,,,,,,,,,,,,,,,,,,,,,,,,,E
E,,,,,,,,,,,,,,,,,,,,,,,,,,,,,,,,,,,,,,,,,,,,big_spell_damage,,,spell_damage,,,,increase_healing,,,mod_holy_flower_rest,,,,,,,,,,,,,,,,,,,,,,,,,,,,,,,,,,,,,,,,,,,,E
E,,,,,,,,,,,,,,,,,,,,,,,,,,,,,,,,,,,,,,,,,,,,,,,O,,,,O,,,,,,,,,,,,,,,,,,,,,,,,,,,,,,,,,,,,,,,,,,,,,,,E
E,,,,,,,,,,,,,,,,,,,,,,,,,,,,,,,,,,,,,,,,,,,,,,big_cdr,,,,,,mod_holy_flower_cure,,,,,,,,,,,,,,,,,,,,,,,,,,,,,,,,,,,,,,,,,,,,,,E
E,,,,,,,,,,,,,,,,,,,,,,,,,,,,,,,,,,,,,,,,,,,,,,,,,,,,,,,,,,,,,,,,,,,,,,,,,,,,,,,,,,,,,,,,,,,,,,,,,,E
E,,,,,,,,,,,,,,,,,,,,,,,,,,,,,,,,,,,,,,,,,,,,,,,,,,,,,,,,,,,,,,,,,,,,,,,,,,,,,,,,,,,,,,,,,,,,,,,,,,E
E,E,E,E,E,E,E,E,E,E,E,E,E,E,E,E,E,E,E,E,E,E,E,E,E,E,E,E,E,E,E,E,E,E,E,E,E,E,E,E,E,E,E,E,E,E,E,E,E,E,E,E,E,E,E,E,E,E,E,E,E,E,E,E,E,E,E,E,E,E,E,E,E,E,E,E,E,E,E,E,E,E,E,E,E,E,E,E,E,E,E,E,E,E,E,E,E,E,E
"
}